{
  "mae": 2915.370788582492,
  "mse": 17693891.926385526,
  "rmse": 4206.410812840982,
  "r2": 0.6210878968342515
}